Date,Open,High,Low,Close,Volume,"('Date', '')","('Open', '^NSEBANK')","('High', '^NSEBANK')","('Low', '^NSEBANK')","('Close', '^NSEBANK')","('Volume', '^NSEBANK')"
,^NSEBANK,^NSEBANK,^NSEBANK,^NSEBANK,^NSEBANK,,,,,,
2024-11-05 03:45:00+00:00,51052.30078125,51213.8984375,51052.30078125,51116.19921875,0,,,,,,
2024-11-05 03:46:00+00:00,51118.44921875,51195.6484375,51086.8984375,51179.8515625,0,,,,,,
2024-11-05 03:47:00+00:00,51177.30078125,51254.5,51177.30078125,51243.6484375,0,,,,,,
2024-11-05 03:48:00+00:00,51235.75,51247.25,51196.8984375,51233.3515625,0,,,,,,
2024-11-05 03:49:00+00:00,51223.44921875,51279.55078125,51219.6015625,51263.8515625,0,,,,,,
2024-11-05 03:50:00+00:00,51268.30078125,51268.30078125,51213.3984375,51213.3984375,0,,,,,,
2024-11-05 03:51:00+00:00,51215.25,51237.44921875,51178.25,51189.75,0,,,,,,
2024-11-05 03:52:00+00:00,51192.0,51192.0,51167.75,51186.5,0,,,,,,
2024-11-05 03:53:00+00:00,51186.0,51186.6015625,51124.1015625,51124.1015625,0,,,,,,
2024-11-05 03:54:00+00:00,51167.25,51242.75,51167.25,51229.8984375,0,,,,,,
2024-11-05 03:55:00+00:00,51229.05078125,51267.3984375,51219.1015625,51226.0,0,,,,,,
2024-11-05 03:56:00+00:00,51213.8515625,51214.69921875,51191.0,51204.69921875,0,,,,,,
2024-11-05 03:57:00+00:00,51202.55078125,51226.3515625,51174.25,51177.69921875,0,,,,,,
2024-11-05 03:58:00+00:00,51178.05078125,51207.0,51173.8984375,51203.55078125,0,,,,,,
2024-11-05 03:59:00+00:00,51198.75,51223.1015625,51183.19921875,51185.0,0,,,,,,
2024-11-05 04:00:00+00:00,51185.80078125,51237.05078125,51155.0,51232.3984375,0,,,,,,
2024-11-05 04:01:00+00:00,51226.55078125,51253.8515625,51217.75,51237.75,0,,,,,,
2024-11-05 04:02:00+00:00,51234.8515625,51279.44921875,51234.8515625,51239.19921875,0,,,,,,
2024-11-05 04:03:00+00:00,51239.44921875,51246.8984375,51205.3984375,51208.3984375,0,,,,,,
2024-11-05 04:04:00+00:00,51204.3984375,51213.6015625,51190.6484375,51197.3515625,0,,,,,,
2024-11-05 04:05:00+00:00,51191.19921875,51195.6484375,51158.1484375,51175.8515625,0,,,,,,
2024-11-05 04:06:00+00:00,51170.3984375,51178.30078125,51110.69921875,51131.6015625,0,,,,,,
2024-11-05 04:07:00+00:00,51130.1015625,51141.80078125,51112.8984375,51126.80078125,0,,,,,,
2024-11-05 04:08:00+00:00,51135.44921875,51145.25,51095.8515625,51102.05078125,0,,,,,,
2024-11-05 04:09:00+00:00,51105.05078125,51108.55078125,51078.44921875,51107.3984375,0,,,,,,
2024-11-05 04:10:00+00:00,51106.3984375,51119.8984375,51096.80078125,51115.19921875,0,,,,,,
2024-11-05 04:11:00+00:00,51115.69921875,51120.44921875,51084.69921875,51090.55078125,0,,,,,,
2024-11-05 04:12:00+00:00,51089.1484375,51104.6484375,51065.3984375,51071.69921875,0,,,,,,
2024-11-05 04:13:00+00:00,51069.8515625,51130.6484375,51069.8515625,51108.94921875,0,,,,,,
2024-11-05 04:14:00+00:00,51103.30078125,51134.19921875,51103.30078125,51134.19921875,0,,,,,,
2024-11-05 04:15:00+00:00,51134.80078125,51143.05078125,51106.3984375,51116.6484375,0,,,,,,
2024-11-05 04:16:00+00:00,51115.1484375,51129.55078125,51111.6484375,51116.25,0,,,,,,
2024-11-05 04:17:00+00:00,51116.75,51126.8515625,51102.5,51113.0,0,,,,,,
2024-11-05 04:18:00+00:00,51112.5,51137.0,51108.44921875,51136.3984375,0,,,,,,
2024-11-05 04:19:00+00:00,51136.05078125,51145.30078125,51122.6484375,51122.94921875,0,,,,,,
2024-11-05 04:20:00+00:00,51127.05078125,51136.25,51120.8515625,51123.05078125,0,,,,,,
2024-11-05 04:21:00+00:00,51126.55078125,51128.8515625,51104.25,51107.8515625,0,,,,,,
2024-11-05 04:22:00+00:00,51107.44921875,51110.8515625,51080.19921875,51083.8515625,0,,,,,,
2024-11-05 04:23:00+00:00,51084.8515625,51170.94921875,51084.8515625,51146.8984375,0,,,,,,
2024-11-05 04:24:00+00:00,51145.1015625,51158.8515625,51124.19921875,51124.19921875,0,,,,,,
2024-11-05 04:25:00+00:00,51123.80078125,51156.25,51123.6484375,51151.3515625,0,,,,,,
2024-11-05 04:26:00+00:00,51155.6015625,51181.0,51149.25,51159.1484375,0,,,,,,
2024-11-05 04:27:00+00:00,51159.6015625,51188.3984375,51158.0,51184.1484375,0,,,,,,
2024-11-05 04:28:00+00:00,51180.44921875,51184.1484375,51137.5,51148.44921875,0,,,,,,
2024-11-05 04:29:00+00:00,51146.1484375,51154.25,51140.1015625,51147.80078125,0,,,,,,
2024-11-05 04:30:00+00:00,51145.1015625,51157.8515625,51142.05078125,51142.6015625,0,,,,,,
2024-11-05 04:31:00+00:00,51142.80078125,51169.19921875,51112.0,51119.30078125,0,,,,,,
2024-11-05 04:32:00+00:00,51118.94921875,51189.8984375,51115.3515625,51186.1015625,0,,,,,,
2024-11-05 04:33:00+00:00,51181.55078125,51250.30078125,51172.3515625,51231.1015625,0,,,,,,
2024-11-05 04:34:00+00:00,51234.44921875,51241.05078125,51209.8515625,51214.80078125,0,,,,,,
2024-11-05 04:35:00+00:00,51209.55078125,51220.80078125,51193.5,51195.80078125,0,,,,,,
2024-11-05 04:36:00+00:00,51199.80078125,51216.44921875,51185.55078125,51185.55078125,0,,,,,,
2024-11-05 04:37:00+00:00,51185.1484375,51203.8515625,51184.05078125,51189.3515625,0,,,,,,
2024-11-05 04:38:00+00:00,51184.8984375,51197.8984375,51179.8515625,51187.3984375,0,,,,,,
2024-11-05 04:39:00+00:00,51189.30078125,51246.6015625,51186.55078125,51246.6015625,0,,,,,,
2024-11-05 04:40:00+00:00,51248.5,51261.69921875,51227.8515625,51238.1484375,0,,,,,,
2024-11-05 04:41:00+00:00,51238.1015625,51245.0,51219.30078125,51233.75,0,,,,,,
2024-11-05 04:42:00+00:00,51229.3515625,51237.05078125,51223.3515625,51232.94921875,0,,,,,,
2024-11-05 04:43:00+00:00,51231.69921875,51237.94921875,51218.3515625,51225.19921875,0,,,,,,
2024-11-05 04:44:00+00:00,51222.0,51225.30078125,51204.44921875,51207.94921875,0,,,,,,
2024-11-05 04:45:00+00:00,51206.94921875,51226.69921875,51165.25,51191.25,0,,,,,,
2024-11-05 04:46:00+00:00,51188.0,51203.69921875,51181.69921875,51187.6484375,0,,,,,,
2024-11-05 04:47:00+00:00,51187.5,51203.8984375,51171.05078125,51203.1484375,0,,,,,,
2024-11-05 04:48:00+00:00,51206.6484375,51223.5,51199.80078125,51213.30078125,0,,,,,,
2024-11-05 04:49:00+00:00,51212.3515625,51212.8984375,51171.5,51203.1484375,0,,,,,,
2024-11-05 04:50:00+00:00,51203.8515625,51233.69921875,51200.44921875,51230.6015625,0,,,,,,
2024-11-05 04:51:00+00:00,51229.5,51240.0,51219.19921875,51222.6484375,0,,,,,,
2024-11-05 04:52:00+00:00,51222.3515625,51230.8515625,51202.0,51204.05078125,0,,,,,,
2024-11-05 04:53:00+00:00,51205.5,51234.3984375,51204.8515625,51222.55078125,0,,,,,,
2024-11-05 04:54:00+00:00,51222.75,51241.0,51220.8984375,51236.8515625,0,,,,,,
2024-11-05 04:55:00+00:00,51237.3984375,51246.75,51231.0,51238.69921875,0,,,,,,
2024-11-05 04:56:00+00:00,51238.69921875,51242.6015625,51227.05078125,51241.0,0,,,,,,
2024-11-05 04:57:00+00:00,51240.94921875,51342.6484375,51240.55078125,51335.5,0,,,,,,
2024-11-05 04:58:00+00:00,51329.1015625,51436.8515625,51320.69921875,51410.55078125,0,,,,,,
2024-11-05 04:59:00+00:00,51411.5,51415.1484375,51381.3984375,51410.69921875,0,,,,,,
2024-11-05 05:00:00+00:00,51406.8984375,51414.0,51355.0,51369.8984375,0,,,,,,
2024-11-05 05:01:00+00:00,51373.05078125,51386.8984375,51364.05078125,51378.94921875,0,,,,,,
2024-11-05 05:02:00+00:00,51379.80078125,51382.94921875,51341.30078125,51344.8984375,0,,,,,,
2024-11-05 05:03:00+00:00,51344.44921875,51344.44921875,51270.30078125,51285.8515625,0,,,,,,
2024-11-05 05:04:00+00:00,51295.0,51295.0,51215.25,51254.5,0,,,,,,
2024-11-05 05:05:00+00:00,51251.55078125,51253.69921875,51148.3984375,51180.3984375,0,,,,,,
2024-11-05 05:06:00+00:00,51181.0,51229.55078125,51178.8515625,51201.1484375,0,,,,,,
2024-11-05 05:07:00+00:00,51200.80078125,51201.5,51177.25,51194.3515625,0,,,,,,
2024-11-05 05:08:00+00:00,51194.19921875,51197.1015625,51078.19921875,51080.75,0,,,,,,
2024-11-05 05:09:00+00:00,51080.55078125,51117.0,51028.75,51113.5,0,,,,,,
2024-11-05 05:10:00+00:00,51114.3984375,51132.1484375,51099.69921875,51109.80078125,0,,,,,,
2024-11-05 05:11:00+00:00,51110.94921875,51132.3984375,51082.75,51124.05078125,0,,,,,,
2024-11-05 05:12:00+00:00,51124.05078125,51140.05078125,51121.5,51136.25,0,,,,,,
2024-11-05 05:13:00+00:00,51133.69921875,51152.6484375,51126.3984375,51130.6015625,0,,,,,,
2024-11-05 05:14:00+00:00,51136.94921875,51136.94921875,51104.6015625,51116.3984375,0,,,,,,
2024-11-05 05:15:00+00:00,51104.1015625,51106.0,51103.44921875,51103.44921875,0,,,,,,
2024-11-05 05:16:00+00:00,51102.94921875,51152.0,51096.80078125,51148.05078125,0,,,,,,
2024-11-05 05:17:00+00:00,51149.55078125,51172.05078125,51141.05078125,51160.94921875,0,,,,,,
2024-11-05 05:18:00+00:00,51160.69921875,51180.1015625,51155.94921875,51163.05078125,0,,,,,,
2024-11-05 05:19:00+00:00,51166.8984375,51186.3515625,51163.5,51180.25,0,,,,,,
2024-11-05 05:20:00+00:00,51179.25,51185.69921875,51165.19921875,51166.6015625,0,,,,,,
2024-11-05 05:21:00+00:00,51167.3984375,51169.8984375,51141.55078125,51154.19921875,0,,,,,,
2024-11-05 05:22:00+00:00,51156.30078125,51237.1484375,51151.1015625,51226.6015625,0,,,,,,
2024-11-05 05:23:00+00:00,51226.69921875,51231.5,51193.1015625,51195.8984375,0,,,,,,
2024-11-05 05:24:00+00:00,51193.3984375,51195.55078125,51147.3515625,51166.75,0,,,,,,
2024-11-05 05:25:00+00:00,51165.8515625,51167.6484375,51142.25,51152.75,0,,,,,,
2024-11-05 05:26:00+00:00,51147.75,51149.3515625,51105.1015625,51122.1015625,0,,,,,,
2024-11-05 05:27:00+00:00,51128.05078125,51139.19921875,51096.80078125,51101.1015625,0,,,,,,
2024-11-05 05:28:00+00:00,51098.8515625,51113.69921875,51072.05078125,51112.30078125,0,,,,,,
2024-11-05 05:29:00+00:00,51111.8515625,51119.8984375,51094.3515625,51118.1015625,0,,,,,,
2024-11-05 05:30:00+00:00,51115.1484375,51138.3515625,51113.3515625,51132.3984375,0,,,,,,
2024-11-05 05:31:00+00:00,51132.30078125,51146.75,51120.80078125,51120.80078125,0,,,,,,
2024-11-05 05:32:00+00:00,51121.8515625,51122.30078125,51080.8515625,51114.0,0,,,,,,
2024-11-05 05:33:00+00:00,51098.75,51108.6484375,51084.25,51090.80078125,0,,,,,,
2024-11-05 05:34:00+00:00,51086.3984375,51118.44921875,51085.6484375,51117.8515625,0,,,,,,
2024-11-05 05:35:00+00:00,51119.3515625,51154.3984375,51113.69921875,51145.6015625,0,,,,,,
2024-11-05 05:36:00+00:00,51149.30078125,51172.69921875,51137.6015625,51171.94921875,0,,,,,,
2024-11-05 05:37:00+00:00,51171.94921875,51173.19921875,51137.3515625,51139.6015625,0,,,,,,
2024-11-05 05:38:00+00:00,51140.80078125,51167.30078125,51130.30078125,51154.1484375,0,,,,,,
2024-11-05 05:39:00+00:00,51156.44921875,51185.6015625,51147.1015625,51181.8515625,0,,,,,,
2024-11-05 05:40:00+00:00,51181.44921875,51188.6484375,51172.1015625,51184.3515625,0,,,,,,
2024-11-05 05:41:00+00:00,51182.05078125,51241.94921875,51182.05078125,51220.80078125,0,,,,,,
2024-11-05 05:42:00+00:00,51216.6015625,51242.75,51214.44921875,51242.1015625,0,,,,,,
2024-11-05 05:43:00+00:00,51241.8515625,51243.75,51222.6484375,51233.1484375,0,,,,,,
2024-11-05 05:44:00+00:00,51236.1484375,51252.25,51231.19921875,51240.6015625,0,,,,,,
2024-11-05 05:45:00+00:00,51238.3984375,51242.6484375,51220.44921875,51241.1015625,0,,,,,,
2024-11-05 05:46:00+00:00,51240.8515625,51278.8515625,51202.0,51202.94921875,0,,,,,,
2024-11-05 05:47:00+00:00,51200.3984375,51214.75,51177.6484375,51190.94921875,0,,,,,,
2024-11-05 05:48:00+00:00,51189.44921875,51191.5,51171.3515625,51179.3515625,0,,,,,,
2024-11-05 05:49:00+00:00,51188.6484375,51203.3984375,51184.1484375,51184.1484375,0,,,,,,
2024-11-05 05:50:00+00:00,51182.3984375,51197.6015625,51180.6484375,51182.6015625,0,,,,,,
2024-11-05 05:51:00+00:00,51182.69921875,51215.19921875,51177.44921875,51212.6484375,0,,,,,,
2024-11-05 05:52:00+00:00,51212.25,51231.69921875,51204.0,51206.05078125,0,,,,,,
2024-11-05 05:53:00+00:00,51205.3515625,51213.1015625,51179.19921875,51193.6484375,0,,,,,,
2024-11-05 05:54:00+00:00,51191.8984375,51198.1484375,51126.55078125,51150.05078125,0,,,,,,
2024-11-05 05:55:00+00:00,51158.19921875,51174.19921875,51150.44921875,51153.3515625,0,,,,,,
2024-11-05 05:56:00+00:00,51152.6015625,51166.1015625,51112.1015625,51158.30078125,0,,,,,,
2024-11-05 05:57:00+00:00,51158.55078125,51163.05078125,51109.1015625,51125.75,0,,,,,,
2024-11-05 05:58:00+00:00,51121.75,51133.25,51101.80078125,51127.30078125,0,,,,,,
2024-11-05 05:59:00+00:00,51127.1015625,51133.1015625,51105.75,51109.69921875,0,,,,,,
2024-11-05 06:00:00+00:00,51114.3984375,51138.75,51082.1015625,51136.1484375,0,,,,,,
2024-11-05 06:01:00+00:00,51133.55078125,51153.5,51127.94921875,51151.30078125,0,,,,,,
2024-11-05 06:02:00+00:00,51151.30078125,51184.19921875,51148.69921875,51182.8984375,0,,,,,,
2024-11-05 06:03:00+00:00,51183.0,51196.44921875,51166.80078125,51186.6015625,0,,,,,,
2024-11-05 06:04:00+00:00,51186.8984375,51186.8984375,51151.3984375,51170.19921875,0,,,,,,
2024-11-05 06:05:00+00:00,51172.6015625,51188.1015625,51165.69921875,51176.3984375,0,,,,,,
2024-11-05 06:06:00+00:00,51175.3984375,51193.44921875,51161.1484375,51177.3515625,0,,,,,,
2024-11-05 06:07:00+00:00,51176.44921875,51184.80078125,51129.19921875,51136.05078125,0,,,,,,
2024-11-05 06:08:00+00:00,51135.1015625,51135.1015625,51052.19921875,51077.19921875,0,,,,,,
2024-11-05 06:09:00+00:00,51067.5,51082.94921875,51048.5,51050.0,0,,,,,,
2024-11-05 06:10:00+00:00,51050.3515625,51073.25,50985.69921875,50993.80078125,0,,,,,,
2024-11-05 06:11:00+00:00,50992.75,50992.75,50943.6015625,50972.05078125,0,,,,,,
2024-11-05 06:12:00+00:00,50973.3515625,50987.80078125,50869.69921875,50878.0,0,,,,,,
2024-11-05 06:13:00+00:00,50884.1484375,50914.3984375,50871.0,50911.05078125,0,,,,,,
2024-11-05 06:14:00+00:00,50912.1484375,50949.1484375,50909.80078125,50940.94921875,0,,,,,,
2024-11-05 06:15:00+00:00,50940.8515625,50955.30078125,50913.55078125,50953.5,0,,,,,,
2024-11-05 06:16:00+00:00,50954.5,50984.30078125,50939.25,50974.44921875,0,,,,,,
2024-11-05 06:17:00+00:00,50979.5,50984.0,50897.05078125,50963.05078125,0,,,,,,
2024-11-05 06:18:00+00:00,50963.05078125,50981.3515625,50917.80078125,50954.44921875,0,,,,,,
2024-11-05 06:19:00+00:00,50957.69921875,50963.75,50935.8515625,50963.6484375,0,,,,,,
2024-11-05 06:20:00+00:00,50964.1484375,50975.8984375,50938.80078125,50967.8515625,0,,,,,,
2024-11-05 06:21:00+00:00,50973.8515625,50980.05078125,50943.94921875,50955.3984375,0,,,,,,
2024-11-05 06:22:00+00:00,50960.5,50985.94921875,50949.19921875,50979.05078125,0,,,,,,
2024-11-05 06:23:00+00:00,50980.8984375,50994.69921875,50973.30078125,50989.55078125,0,,,,,,
2024-11-05 06:24:00+00:00,50980.3984375,51010.1015625,50959.6015625,51000.94921875,0,,,,,,
2024-11-05 06:25:00+00:00,50997.3984375,51007.6015625,50984.6484375,50996.05078125,0,,,,,,
2024-11-05 06:26:00+00:00,50997.44921875,51000.55078125,50970.69921875,50984.75,0,,,,,,
2024-11-05 06:27:00+00:00,50984.55078125,51002.44921875,50960.8984375,50969.05078125,0,,,,,,
2024-11-05 06:28:00+00:00,50972.3515625,51065.3515625,50954.44921875,51065.3515625,0,,,,,,
2024-11-05 06:29:00+00:00,51064.0,51085.69921875,51030.6484375,51031.6484375,0,,,,,,
2024-11-05 06:30:00+00:00,51029.94921875,51038.19921875,51005.69921875,51027.05078125,0,,,,,,
2024-11-05 06:31:00+00:00,51029.55078125,51029.55078125,50941.19921875,50960.69921875,0,,,,,,
2024-11-05 06:32:00+00:00,50962.30078125,50979.1015625,50943.05078125,50970.44921875,0,,,,,,
2024-11-05 06:33:00+00:00,50965.25,50995.80078125,50957.8515625,50992.6484375,0,,,,,,
2024-11-05 06:34:00+00:00,50987.3984375,51087.05078125,50978.6015625,51085.75,0,,,,,,
2024-11-05 06:35:00+00:00,51079.3984375,51101.5,51073.55078125,51079.55078125,0,,,,,,
2024-11-05 06:36:00+00:00,51081.0,51092.6484375,51073.0,51073.0,0,,,,,,
2024-11-05 06:37:00+00:00,51072.44921875,51096.6015625,51047.05078125,51096.6015625,0,,,,,,
2024-11-05 06:38:00+00:00,51093.1484375,51102.1015625,51086.8515625,51098.19921875,0,,,,,,
2024-11-05 06:39:00+00:00,51097.1015625,51148.25,51097.1015625,51129.3984375,0,,,,,,
2024-11-05 06:40:00+00:00,51129.6015625,51135.6484375,51088.05078125,51113.3515625,0,,,,,,
2024-11-05 06:41:00+00:00,51112.75,51115.1484375,51094.5,51097.19921875,0,,,,,,
2024-11-05 06:42:00+00:00,51094.30078125,51111.1484375,51076.1015625,51077.75,0,,,,,,
2024-11-05 06:43:00+00:00,51077.69921875,51086.5,51074.0,51079.3515625,0,,,,,,
2024-11-05 06:44:00+00:00,50990.0,51029.1015625,50961.8984375,51029.1015625,0,,,,,,
2024-11-05 06:45:00+00:00,51030.55078125,51064.3984375,50996.5,51057.55078125,0,,,,,,
2024-11-05 06:46:00+00:00,51067.75,51090.3984375,51063.6015625,51063.6015625,0,,,,,,
2024-11-05 06:47:00+00:00,51058.55078125,51091.3984375,51045.8984375,51088.3515625,0,,,,,,
2024-11-05 06:48:00+00:00,51088.55078125,51106.25,51080.8984375,51102.94921875,0,,,,,,
2024-11-05 06:49:00+00:00,51102.94921875,51108.8984375,51079.1015625,51091.55078125,0,,,,,,
2024-11-05 06:50:00+00:00,51091.3984375,51098.1015625,51075.3515625,51076.8984375,0,,,,,,
2024-11-05 06:51:00+00:00,51075.1484375,51085.75,51054.3984375,51062.30078125,0,,,,,,
2024-11-05 06:52:00+00:00,51060.05078125,51067.0,50957.75,50974.19921875,0,,,,,,
2024-11-05 06:53:00+00:00,50978.25,50993.80078125,50953.94921875,50963.3984375,0,,,,,,
2024-11-05 06:54:00+00:00,50967.6484375,50973.55078125,50941.8984375,50964.05078125,0,,,,,,
2024-11-05 06:55:00+00:00,50957.5,50988.19921875,50922.75,50980.30078125,0,,,,,,
2024-11-05 06:56:00+00:00,50981.80078125,50995.55078125,50977.44921875,50987.0,0,,,,,,
2024-11-05 06:57:00+00:00,50985.44921875,50988.6484375,50956.25,50963.1484375,0,,,,,,
2024-11-05 06:58:00+00:00,50963.69921875,50984.8984375,50960.30078125,50979.3984375,0,,,,,,
2024-11-05 06:59:00+00:00,50978.44921875,51008.8515625,50971.0,50994.6484375,0,,,,,,
2024-11-05 07:00:00+00:00,50989.44921875,51017.6015625,50978.3984375,51011.0,0,,,,,,
2024-11-05 07:01:00+00:00,51010.44921875,51024.69921875,50995.55078125,51013.8515625,0,,,,,,
2024-11-05 07:02:00+00:00,50999.94921875,50999.94921875,50979.3515625,50991.30078125,0,,,,,,
2024-11-05 07:03:00+00:00,50990.8984375,51010.1015625,50983.1484375,50991.1015625,0,,,,,,
2024-11-05 07:04:00+00:00,50988.1484375,51016.55078125,50983.5,51007.1015625,0,,,,,,
2024-11-05 07:05:00+00:00,51007.69921875,51022.1484375,50987.6015625,50987.6015625,0,,,,,,
2024-11-05 07:06:00+00:00,50988.5,51047.25,50976.25,51047.25,0,,,,,,
2024-11-05 07:07:00+00:00,51049.44921875,51062.6015625,51040.1015625,51054.30078125,0,,,,,,
2024-11-05 07:08:00+00:00,51054.25,51087.25,51018.05078125,51018.05078125,0,,,,,,
2024-11-05 07:09:00+00:00,51022.6484375,51069.6484375,51012.8984375,51055.1015625,0,,,,,,
2024-11-05 07:10:00+00:00,51054.5,51064.94921875,51035.19921875,51050.0,0,,,,,,
2024-11-05 07:11:00+00:00,51050.19921875,51073.5,51043.69921875,51043.69921875,0,,,,,,
2024-11-05 07:12:00+00:00,51045.05078125,51056.3984375,51035.1484375,51047.30078125,0,,,,,,
2024-11-05 07:13:00+00:00,51047.3984375,51095.1015625,51046.25,51084.19921875,0,,,,,,
2024-11-05 07:14:00+00:00,51086.94921875,51093.3984375,51055.55078125,51072.55078125,0,,,,,,
2024-11-05 07:15:00+00:00,51073.6484375,51097.94921875,51061.75,51070.94921875,0,,,,,,
2024-11-05 07:16:00+00:00,51072.25,51101.69921875,51061.30078125,51081.8984375,0,,,,,,
2024-11-05 07:17:00+00:00,51077.6015625,51101.3984375,51077.6015625,51091.5,0,,,,,,
2024-11-05 07:18:00+00:00,51094.69921875,51159.94921875,51075.94921875,51155.75,0,,,,,,
2024-11-05 07:19:00+00:00,51152.1015625,51152.1015625,51118.8984375,51125.6015625,0,,,,,,
2024-11-05 07:20:00+00:00,51125.6015625,51130.3984375,51099.5,51102.3515625,0,,,,,,
2024-11-05 07:21:00+00:00,51101.1484375,51116.75,51091.69921875,51092.25,0,,,,,,
2024-11-05 07:22:00+00:00,51090.80078125,51110.3515625,51090.19921875,51095.8984375,0,,,,,,
2024-11-05 07:23:00+00:00,51099.55078125,51230.8515625,51099.55078125,51212.69921875,0,,,,,,
2024-11-05 07:24:00+00:00,51208.30078125,51219.25,51127.3984375,51127.3984375,0,,,,,,
2024-11-05 07:25:00+00:00,51125.69921875,51132.05078125,51093.05078125,51111.5,0,,,,,,
2024-11-05 07:26:00+00:00,51104.80078125,51116.1015625,51099.55078125,51099.55078125,0,,,,,,
2024-11-05 07:27:00+00:00,51098.55078125,51111.94921875,51078.1484375,51096.80078125,0,,,,,,
2024-11-05 07:28:00+00:00,51096.1484375,51119.1015625,51095.44921875,51104.75,0,,,,,,
2024-11-05 07:29:00+00:00,51104.05078125,51123.80078125,51099.5,51100.6484375,0,,,,,,
2024-11-05 07:30:00+00:00,51095.75,51120.3984375,51086.44921875,51120.3984375,0,,,,,,
2024-11-05 07:31:00+00:00,51118.05078125,51118.05078125,51077.0,51077.0,0,,,,,,
2024-11-05 07:32:00+00:00,51078.1484375,51121.25,51074.94921875,51119.05078125,0,,,,,,
2024-11-05 07:33:00+00:00,51115.44921875,51167.8515625,51098.19921875,51143.0,0,,,,,,
2024-11-05 07:34:00+00:00,51138.55078125,51159.80078125,51134.8984375,51157.94921875,0,,,,,,
2024-11-05 07:35:00+00:00,51155.1484375,51155.1484375,51106.5,51108.19921875,0,,,,,,
2024-11-05 07:36:00+00:00,51106.0,51108.5,51090.44921875,51094.25,0,,,,,,
2024-11-05 07:37:00+00:00,51093.8984375,51100.0,51034.8984375,51062.94921875,0,,,,,,
2024-11-05 07:38:00+00:00,51061.8515625,51068.3984375,51022.05078125,51032.75,0,,,,,,
2024-11-05 07:39:00+00:00,51030.94921875,51038.1484375,51005.6484375,51016.25,0,,,,,,
2024-11-05 07:40:00+00:00,51010.55078125,51044.0,51004.55078125,51033.44921875,0,,,,,,
2024-11-05 07:41:00+00:00,51034.30078125,51054.8984375,51017.80078125,51048.19921875,0,,,,,,
2024-11-05 07:42:00+00:00,51051.5,51070.69921875,51043.30078125,51064.80078125,0,,,,,,
2024-11-05 07:43:00+00:00,51064.94921875,51148.75,51060.3984375,51117.44921875,0,,,,,,
2024-11-05 07:44:00+00:00,51120.3515625,51137.3515625,51104.1484375,51113.55078125,0,,,,,,
2024-11-05 07:45:00+00:00,51112.8984375,51164.94921875,51112.8984375,51152.1484375,0,,,,,,
2024-11-05 07:46:00+00:00,51151.1484375,51177.69921875,51121.25,51121.25,0,,,,,,
2024-11-05 07:47:00+00:00,51121.3984375,51133.8515625,51101.05078125,51117.8984375,0,,,,,,
2024-11-05 07:48:00+00:00,51126.8515625,51157.1015625,51103.3515625,51148.6484375,0,,,,,,
2024-11-05 07:49:00+00:00,51146.3984375,51150.80078125,51123.30078125,51126.94921875,0,,,,,,
2024-11-05 07:50:00+00:00,51127.05078125,51135.55078125,51100.19921875,51113.3515625,0,,,,,,
2024-11-05 07:51:00+00:00,51113.3515625,51163.05078125,51105.6484375,51162.8984375,0,,,,,,
2024-11-05 07:52:00+00:00,51159.8984375,51180.3515625,51146.30078125,51158.75,0,,,,,,
2024-11-05 07:53:00+00:00,51158.94921875,51289.05078125,51157.55078125,51267.94921875,0,,,,,,
2024-11-05 07:54:00+00:00,51270.44921875,51377.94921875,51270.44921875,51351.8984375,0,,,,,,
2024-11-05 07:55:00+00:00,51357.19921875,51436.6015625,51342.3984375,51349.6015625,0,,,,,,
2024-11-05 07:56:00+00:00,51347.3984375,51473.6015625,51300.69921875,51473.6015625,0,,,,,,
2024-11-05 07:57:00+00:00,51468.55078125,51581.94921875,51468.55078125,51555.1015625,0,,,,,,
2024-11-05 07:58:00+00:00,51556.30078125,51705.44921875,51554.3984375,51645.0,0,,,,,,
2024-11-05 07:59:00+00:00,51650.75,51709.8515625,51644.69921875,51662.8515625,0,,,,,,
2024-11-05 08:00:00+00:00,51673.55078125,51823.3515625,51673.55078125,51757.8984375,0,,,,,,
2024-11-05 08:01:00+00:00,51765.1484375,51801.69921875,51735.25,51789.30078125,0,,,,,,
2024-11-05 08:02:00+00:00,51795.69921875,51836.1484375,51782.3984375,51799.6484375,0,,,,,,
2024-11-05 08:03:00+00:00,51801.6484375,51870.80078125,51801.6484375,51858.5,0,,,,,,
2024-11-05 08:04:00+00:00,51823.6015625,51828.94921875,51778.3984375,51778.3984375,0,,,,,,
2024-11-05 08:05:00+00:00,51779.5,51806.80078125,51776.1015625,51782.6015625,0,,,,,,
2024-11-05 08:06:00+00:00,51782.44921875,51801.6484375,51734.25,51777.44921875,0,,,,,,
2024-11-05 08:07:00+00:00,51777.55078125,51787.94921875,51716.55078125,51732.75,0,,,,,,
2024-11-05 08:08:00+00:00,51740.3984375,51781.30078125,51703.8984375,51758.25,0,,,,,,
2024-11-05 08:09:00+00:00,51760.5,51766.80078125,51703.69921875,51705.1484375,0,,,,,,
2024-11-05 08:10:00+00:00,51701.80078125,51745.94921875,51695.8984375,51732.5,0,,,,,,
2024-11-05 08:11:00+00:00,51726.6484375,51763.80078125,51719.75,51736.80078125,0,,,,,,
2024-11-05 08:12:00+00:00,51739.1484375,51765.8515625,51726.1484375,51742.44921875,0,,,,,,
2024-11-05 08:13:00+00:00,51735.80078125,51783.1015625,51735.30078125,51769.1015625,0,,,,,,
2024-11-05 08:14:00+00:00,51761.94921875,51781.75,51747.44921875,51768.94921875,0,,,,,,
2024-11-05 08:15:00+00:00,51768.25,51808.94921875,51763.69921875,51783.6015625,0,,,,,,
2024-11-05 08:16:00+00:00,51789.1015625,51791.3515625,51754.44921875,51786.44921875,0,,,,,,
2024-11-05 08:17:00+00:00,51785.6484375,51819.1484375,51783.05078125,51810.8515625,0,,,,,,
2024-11-05 08:18:00+00:00,51810.8515625,51865.94921875,51798.44921875,51854.6015625,0,,,,,,
2024-11-05 08:19:00+00:00,51855.6484375,51868.05078125,51813.5,51813.5,0,,,,,,
2024-11-05 08:20:00+00:00,51814.6015625,51850.8515625,51814.6015625,51825.30078125,0,,,,,,
2024-11-05 08:21:00+00:00,51823.94921875,51831.8984375,51788.05078125,51815.69921875,0,,,,,,
2024-11-05 08:22:00+00:00,51817.1015625,51877.05078125,51808.3515625,51839.5,0,,,,,,
2024-11-05 08:23:00+00:00,51840.3984375,51892.6484375,51837.25,51877.8515625,0,,,,,,
2024-11-05 08:24:00+00:00,51879.30078125,51888.5,51847.1015625,51853.30078125,0,,,,,,
2024-11-05 08:25:00+00:00,51853.1484375,51873.3984375,51842.3984375,51873.3984375,0,,,,,,
2024-11-05 08:26:00+00:00,51863.80078125,51945.19921875,51863.80078125,51945.19921875,0,,,,,,
2024-11-05 08:27:00+00:00,51947.05078125,51960.55078125,51935.75,51942.30078125,0,,,,,,
2024-11-05 08:28:00+00:00,51941.6484375,51968.1484375,51927.30078125,51960.55078125,0,,,,,,
2024-11-05 08:29:00+00:00,51962.0,51984.44921875,51944.75,51957.3984375,0,,,,,,
2024-11-05 08:30:00+00:00,51957.3984375,51976.6015625,51947.1484375,51962.05078125,0,,,,,,
2024-11-05 08:31:00+00:00,51968.25,52002.6484375,51957.0,51978.75,0,,,,,,
2024-11-05 08:32:00+00:00,51986.6015625,52000.3984375,51979.55078125,51980.6484375,0,,,,,,
2024-11-05 08:33:00+00:00,51985.0,52010.1484375,51973.5,52000.6484375,0,,,,,,
2024-11-05 08:34:00+00:00,52002.1484375,52093.3984375,51997.80078125,52093.3984375,0,,,,,,
2024-11-05 08:35:00+00:00,52086.25,52122.6015625,52086.25,52118.30078125,0,,,,,,
2024-11-05 08:36:00+00:00,52103.6015625,52122.6484375,52047.3984375,52051.05078125,0,,,,,,
2024-11-05 08:37:00+00:00,52061.3515625,52091.05078125,52052.75,52083.3984375,0,,,,,,
2024-11-05 08:38:00+00:00,52080.25,52090.19921875,52069.8515625,52069.8515625,0,,,,,,
2024-11-05 08:39:00+00:00,52075.94921875,52110.30078125,52059.80078125,52104.8984375,0,,,,,,
2024-11-05 08:40:00+00:00,52098.30078125,52108.19921875,52080.0,52089.6484375,0,,,,,,
2024-11-05 08:41:00+00:00,52091.80078125,52125.69921875,52082.94921875,52113.0,0,,,,,,
2024-11-05 08:42:00+00:00,52111.5,52115.44921875,52096.55078125,52098.8515625,0,,,,,,
2024-11-05 08:43:00+00:00,52099.3984375,52128.30078125,52097.44921875,52117.25,0,,,,,,
2024-11-05 08:44:00+00:00,52113.30078125,52127.8984375,52101.69921875,52110.1015625,0,,,,,,
2024-11-05 08:45:00+00:00,52112.5,52128.25,52087.5,52087.5,0,,,,,,
2024-11-05 08:46:00+00:00,52086.19921875,52097.75,52059.6484375,52088.69921875,0,,,,,,
2024-11-05 08:47:00+00:00,52086.19921875,52131.44921875,52080.3984375,52123.8984375,0,,,,,,
2024-11-05 08:48:00+00:00,52120.5,52156.44921875,52114.8515625,52148.94921875,0,,,,,,
2024-11-05 08:49:00+00:00,52152.3515625,52165.6484375,52145.94921875,52155.6484375,0,,,,,,
2024-11-05 08:50:00+00:00,52155.44921875,52159.19921875,52120.6015625,52132.44921875,0,,,,,,
2024-11-05 08:51:00+00:00,52139.1484375,52141.75,52111.3515625,52130.05078125,0,,,,,,
2024-11-05 08:52:00+00:00,52130.05078125,52147.05078125,52117.25,52133.8515625,0,,,,,,
2024-11-05 08:53:00+00:00,52126.1484375,52143.1015625,52092.5,52098.05078125,0,,,,,,
2024-11-05 08:54:00+00:00,52089.8515625,52132.69921875,52086.3515625,52129.19921875,0,,,,,,
2024-11-05 08:55:00+00:00,52131.1484375,52150.3984375,52124.8984375,52136.69921875,0,,,,,,
2024-11-05 08:56:00+00:00,52135.25,52159.8515625,52129.3984375,52155.55078125,0,,,,,,
2024-11-05 08:57:00+00:00,52156.05078125,52173.05078125,52140.8515625,52144.6015625,0,,,,,,
2024-11-05 08:58:00+00:00,52145.1015625,52153.1015625,52116.8984375,52124.94921875,0,,,,,,
2024-11-05 08:59:00+00:00,52124.6484375,52147.6015625,52123.3984375,52144.3984375,0,,,,,,
2024-11-05 09:00:00+00:00,52141.8984375,52178.44921875,52138.8515625,52175.6015625,0,,,,,,
2024-11-05 09:02:00+00:00,52156.19921875,52165.1484375,52142.8515625,52147.3984375,0,,,,,,
2024-11-05 09:03:00+00:00,52150.19921875,52155.75,52120.6015625,52133.8515625,0,,,,,,
2024-11-05 09:04:00+00:00,52136.6484375,52157.0,52131.3984375,52150.69921875,0,,,,,,
2024-11-05 09:05:00+00:00,52149.6484375,52160.55078125,52120.25,52133.55078125,0,,,,,,
2024-11-05 09:06:00+00:00,52130.1484375,52136.8515625,52104.80078125,52113.1015625,0,,,,,,
2024-11-05 09:07:00+00:00,52105.6484375,52137.44921875,52103.69921875,52131.6484375,0,,,,,,
2024-11-05 09:08:00+00:00,52127.05078125,52134.5,52112.6015625,52131.3984375,0,,,,,,
2024-11-05 09:09:00+00:00,52133.94921875,52165.30078125,52128.1484375,52162.6015625,0,,,,,,
2024-11-05 09:10:00+00:00,52164.1484375,52196.3515625,52162.05078125,52192.75,0,,,,,,
2024-11-05 09:11:00+00:00,52191.6484375,52200.30078125,52174.5,52189.6484375,0,,,,,,
2024-11-05 09:12:00+00:00,52190.75,52212.0,52166.55078125,52169.8984375,0,,,,,,
2024-11-05 09:13:00+00:00,52171.25,52177.19921875,52154.30078125,52164.6484375,0,,,,,,
2024-11-05 09:14:00+00:00,52164.3515625,52177.44921875,52151.8984375,52165.25,0,,,,,,
2024-11-05 09:15:00+00:00,52165.25,52175.30078125,52148.0,52166.75,0,,,,,,
2024-11-05 09:16:00+00:00,52168.19921875,52172.75,52136.30078125,52161.44921875,0,,,,,,
2024-11-05 09:17:00+00:00,52161.94921875,52173.19921875,52152.1015625,52156.5,0,,,,,,
2024-11-05 09:18:00+00:00,52161.6484375,52178.6484375,52138.0,52143.30078125,0,,,,,,
2024-11-05 09:19:00+00:00,52145.75,52145.75,52125.69921875,52131.19921875,0,,,,,,
2024-11-05 09:20:00+00:00,52129.8984375,52132.6015625,52103.8515625,52128.3984375,0,,,,,,
2024-11-05 09:21:00+00:00,52135.25,52160.30078125,52131.55078125,52152.3984375,0,,,,,,
2024-11-05 09:22:00+00:00,52150.8984375,52162.6484375,52134.3984375,52139.44921875,0,,,,,,
2024-11-05 09:23:00+00:00,52138.80078125,52147.3515625,52125.8984375,52139.69921875,0,,,,,,
2024-11-05 09:24:00+00:00,52132.30078125,52157.0,52132.30078125,52147.94921875,0,,,,,,
2024-11-05 09:25:00+00:00,52152.05078125,52152.05078125,52127.3515625,52132.8515625,0,,,,,,
2024-11-05 09:26:00+00:00,52132.55078125,52167.3984375,52129.05078125,52159.19921875,0,,,,,,
2024-11-05 09:29:00+00:00,52137.3515625,52144.3515625,52115.3984375,52135.6015625,0,,,,,,
2024-11-05 09:30:00+00:00,52138.1484375,52189.6484375,52138.1484375,52183.55078125,0,,,,,,
2024-11-05 09:31:00+00:00,52185.6015625,52212.05078125,52176.19921875,52196.3515625,0,,,,,,
2024-11-05 09:32:00+00:00,52197.1484375,52256.6484375,52196.19921875,52234.94921875,0,,,,,,
2024-11-05 09:33:00+00:00,52240.5,52252.8984375,52233.1484375,52247.19921875,0,,,,,,
2024-11-05 09:34:00+00:00,52248.05078125,52264.30078125,52239.25,52257.3515625,0,,,,,,
2024-11-05 09:35:00+00:00,52260.75,52274.19921875,52253.25,52266.1484375,0,,,,,,
2024-11-05 09:36:00+00:00,52266.69921875,52285.94921875,52261.3984375,52262.1015625,0,,,,,,
2024-11-05 09:37:00+00:00,52264.0,52268.44921875,52244.80078125,52250.3515625,0,,,,,,
2024-11-05 09:38:00+00:00,52248.80078125,52258.55078125,52240.6015625,52250.8515625,0,,,,,,
2024-11-05 09:39:00+00:00,52251.8984375,52255.94921875,52239.0,52248.30078125,0,,,,,,
2024-11-05 09:40:00+00:00,52251.69921875,52251.69921875,52238.3984375,52239.80078125,0,,,,,,
2024-11-05 09:41:00+00:00,52243.55078125,52243.55078125,52226.3984375,52228.69921875,0,,,,,,
2024-11-05 09:42:00+00:00,52228.05078125,52228.44921875,52194.75,52199.0,0,,,,,,
2024-11-05 09:43:00+00:00,52203.0,52207.05078125,52175.80078125,52180.75,0,,,,,,
2024-11-05 09:44:00+00:00,52180.94921875,52194.6015625,52166.94921875,52192.8984375,0,,,,,,
2024-11-05 09:45:00+00:00,52190.19921875,52209.6484375,52186.30078125,52193.30078125,0,,,,,,
2024-11-05 09:46:00+00:00,52193.0,52199.1484375,52185.1484375,52199.1484375,0,,,,,,
2024-11-05 09:47:00+00:00,52198.75,52198.8984375,52172.94921875,52183.44921875,0,,,,,,
2024-11-05 09:48:00+00:00,52182.1015625,52182.8984375,52155.19921875,52168.05078125,0,,,,,,
2024-11-05 09:49:00+00:00,52166.80078125,52176.25,52155.6484375,52174.1484375,0,,,,,,
2024-11-05 09:50:00+00:00,52171.30078125,52172.0,52136.55078125,52140.30078125,0,,,,,,
2024-11-05 09:51:00+00:00,52138.6015625,52147.1484375,52128.6484375,52141.19921875,0,,,,,,
2024-11-05 09:52:00+00:00,52141.8984375,52166.6015625,52133.5,52164.94921875,0,,,,,,
2024-11-05 09:53:00+00:00,52169.19921875,52185.6015625,52164.1484375,52180.1484375,0,,,,,,
2024-11-05 09:54:00+00:00,52179.1015625,52182.6484375,52165.1015625,52174.6484375,0,,,,,,
2024-11-05 09:55:00+00:00,52173.8984375,52174.05078125,52142.8515625,52146.8515625,0,,,,,,
2024-11-05 09:56:00+00:00,52144.8515625,52164.75,52135.05078125,52153.3515625,0,,,,,,
2024-11-05 09:57:00+00:00,52156.6015625,52171.05078125,52137.80078125,52159.8515625,0,,,,,,
2024-11-05 09:58:00+00:00,52156.80078125,52163.69921875,52118.94921875,52121.3984375,0,,,,,,
2024-11-05 09:59:00+00:00,52116.75,52134.19921875,52094.3984375,52105.8515625,0,,,,,,
